{
  "$schema": "https://raw.githubusercontent.com/grafana/grafana/main/docs/sources/developers/plugins/plugin.schema.json",
  "type": "datasource",
  "name": "Chaos Mesh",
  "id": "chaosmeshorg-datasource",
  "category": "cloud",
  "annotations": true,
  "metrics": true,
  "info": {
    "description": "Grafana data source plugin for Chaos Mesh (A Chaos Engineering Platform for Kubernetes)",
    "author": {
      "name": "Chaos Mesh Project Team",
      "url": "https://github.com/chaos-mesh"
    },
    "keywords": ["datasource", "Cloud", "Chaos Engineering", "Chaos Mesh"],
    "logos": {
      "small": "img/logo.svg",
      "large": "img/logo.svg"
    },
    "links": [
      {
        "name": "GitHub",
        "url": "https://github.com/chaos-mesh/datasource"
      },
      {
        "name": "License",
        "url": "https://github.com/chaos-mesh/datasource/blob/master/LICENSE"
      },
      {
        "name": "Website",
        "url": "https://chaos-mesh.org"
      }
    ],
    "screenshots": [
      {
        "name": "Settings",
        "path": "img/settings.png"
      },
      {
        "name": "Variables",
        "path": "img/variables.png"
      },
      {
        "name": "Annotations",
        "path": "img/annotations.png"
      }
    ],
    "version": "3.0.0",
    "updated": "2024-01-08"
  },
  "dependencies": {
    "grafanaDependency": ">=10.0.3",
    "plugins": []
  }
}
